date,meantemp,humidity,wind_speed,meanpressure
2013/1/1,10,84.5,0,1015.666667
2013/1/2,7.4,92,2.98,1017.8
2013/1/3,7.166666667,87,4.633333333,1018.666667
2013/1/4,8.666666667,71.33333333,1.233333333,1017.166667
2013/1/5,6,86.83333333,3.7,1016.5
2013/1/6,7,82.8,1.48,1018
2013/1/7,7,78.6,6.3,1020
2013/1/8,8.857142857,63.71428571,7.142857143,1018.714286
2013/1/9,14,51.25,12.5,1017
2013/1/10,11,62,7.4,1015.666667
2013/1/11,15.71428571,51.28571429,10.57142857,1016.142857
2013/1/12,14,74,13.22857143,1015.571429
2013/1/13,15.83333333,75.16666667,4.633333333,1013.333333
2013/1/14,12.83333333,88.16666667,0.616666667,1015.166667
2013/1/15,14.71428571,71.85714286,0.528571429,1015.857143
2013/1/16,13.83333333,86.66666667,0,1016.666667
2013/1/17,16.5,80.83333333,5.25,1015.833333
2013/1/18,13.83333333,92.16666667,8.95,1014.5
2013/1/19,12.5,76.66666667,5.883333333,1021.666667
2013/1/20,11.28571429,75.28571429,8.471428571,1020.285714
2013/1/21,11.2,77,2.22,1021
2013/1/22,9.5,79.66666667,3.083333333,1021.8
2013/1/23,14,60.16666667,4.016666667,1020.5
2013/1/24,13.83333333,60.66666667,6.166666667,1020.5
2013/1/25,12.25,67,5.55,1020.75
2013/1/26,12.66666667,64.16666667,6.8,1019.666667
2013/1/27,12.85714286,65.57142857,5.557142857,1018.142857
2013/1/28,14.83333333,56,3.7,1017.833333
2013/1/29,14.125,65.5,3.2375,1016.625
2013/1/30,14.71428571,70.42857143,1.057142857,1017.857143
2013/1/31,16.2,65.6,2.96,1018.4
2013/2/1,16,73,2.22,1016
2013/2/2,16.28571429,77.57142857,1.328571429,1017.142857
2013/2/3,18,65.57142857,1.857142857,1015.285714
2013/2/4,17.42857143,74.28571429,11.11428571,1014.571429
2013/2/5,16.625,92.375,9.725,1016.375
2013/2/6,16.66666667,71.33333333,8.633333333,1018.666667
2013/2/7,15.6,59.4,10.74,1018.6
2013/2/8,14,70.42857143,9.257142857,1017.142857
2013/2/9,15.42857143,61.28571429,9.257142857,1016.857143
2013/2/10,15.25,71.5,3.475,1017.125
2013/2/11,15.875,70.5,5.325,1016.5
2013/2/12,15.33333333,70.33333333,7.416666667,1017.5
2013/2/13,16.28571429,70.14285714,6.085714286,1016
2013/2/14,17.33333333,63.83333333,4.333333333,1014.166667
2013/2/15,19.16666667,65.33333333,10.18333333,1011.666667
2013/2/16,14.42857143,92.71428571,8.485714286,1008
2013/2/17,13.66666667,90,0,1012.666667
2013/2/18,15.6,78.4,12.22,1016.2
2013/2/19,15.85714286,82,5.814285714,1015.714286
2013/2/20,17.71428571,74.71428571,5.814285714,1017
2013/2/21,20,67.28571429,6.614285714,1015.428571
2013/2/22,20.5,65.625,10.875,1016
2013/2/23,17.42857143,74.85714286,9.257142857,1017
2013/2/24,16.85714286,78.85714286,7.4,1018.857143
2013/2/25,16.875,72.875,4.6375,1018.25
2013/2/26,17.85714286,70,17.5875,1015.142857
2013/2/27,20.8,57.2,6.66,1015.2
2013/2/28,19.42857143,52.85714286,12.95714286,1017.428571
2013/3/1,17.33333333,49.33333333,24.06666667,1016.333333
2013/3/2,19,54,15.725,1016.25
2013/3/3,19.33333333,62.83333333,8.633333333,1016.166667
2013/3/4,17.6,71,5.56,1015.8
2013/3/5,20.875,61.875,4.1625,1016.375
2013/3/6,20.85714286,65.28571429,6.871428571,1015.714286
2013/3/7,23.42857143,57.14285714,8.728571429,1015.285714
2013/3/8,24.16666667,44.83333333,7.1,1014.833333
2013/3/9,25.42857143,49.71428571,5.285714286,1009.285714
2013/3/10,23.14285714,57.57142857,4.228571429,1008
2013/3/11,24,66.33333333,0.933333333,1011.166667
2013/3/12,23.5,62.5,4.933333333,1011.5
2013/3/13,21.5,70.5,5.55,1009
2013/3/14,22.33333333,61.16666667,12.03333333,1013.166667
2013/3/15,24.16666667,45.83333333,7.716666667,1016.166667
2013/3/16,20.33333333,67.66666667,3.7,1016.166667
2013/3/17,22.66666667,58.66666667,8.95,1015
2013/3/18,23.42857143,58.14285714,17.45714286,1009.428571
2013/3/19,22.5,73.66666667,10.48333333,1011
2013/3/20,29.16666667,36.33333333,6.8,1009.5
2013/3/21,23.83333333,58.5,10.5,1008.333333
2013/3/22,25.25,50.25,9.7125,1006.375
2013/3/23,27.375,50.125,9.95,1007.625
2013/3/24,27,48.75,10.8875,1010.25
2013/3/25,23.5,45.5,15.9625,1010.625
2013/3/26,24.14285714,44.57142857,12.95714286,1008.857143
2013/3/27,21,62,1.85,1009
2013/3/28,22.42857143,62.71428571,7.414285714,1009.571429
2013/3/29,21.25,70.375,5.55,1009.75
2013/3/30,23.5,54.75,11.1125,1008.625
2013/3/31,23.2,58,6.66,1008.6
2013/4/1,25.375,45.5,4.4,1008.5
2013/4/2,25.16666667,51,8.65,1009.5
2013/4/3,26.2,45.6,8.14,1009
2013/4/4,24.6,41.8,11.12,1007.8
2013/4/5,25.6,31,15.56,1007
2013/4/6,25.85714286,29.85714286,11.9,1006.142857
2013/4/7,29.14285714,23.28571429,10.31428571,1005
2013/4/8,28.71428571,33.85714286,5.3,1006
2013/4/9,30.16666667,30.5,8.65,1005.333333
2013/4/10,30,28,6.1,1006.714286
2013/4/11,30,24.2,7.78,1006.4
2013/4/12,28.85714286,32.57142857,6.342857143,1007.571429
2013/4/13,30.2,29.2,10,1008.4
2013/4/14,28.25,39.375,6.4875,1007
2013/4/15,28.25,41.375,6.25,1003.875
2013/4/16,32.125,24.625,10.425,1000
2013/4/17,29.2,24.2,6.66,1002.2
2013/4/18,30.28571429,30.28571429,4.757142857,1002.857143
2013/4/19,28.28571429,31.28571429,3.971428571,1002.571429
2013/4/20,30.625,29,7.6375,1003.375
2013/4/21,27.66666667,38.66666667,13.88333333,1006.833333
2013/4/22,27.375,45.375,7.65,1010
2013/4/23,28.625,44.125,4.625,1009.875
2013/4/24,30.28571429,41.71428571,2.114285714,1008.571429
2013/4/25,31.14285714,38.28571429,3.7,1007.714286
2013/4/26,29.875,45.875,6.7125,1008.375
2013/4/27,31.14285714,31.42857143,13.48571429,1007
2013/4/28,30.57142857,28,12.97142857,1005.428571
2013/4/29,32.125,26.375,7.875,1004.875
2013/4/30,31.14285714,32,7.928571429,1004.857143
2013/5/1,31.85714286,15.85714286,12.68571429,1002.833333
2013/5/2,29.83333333,22.16666667,11.43333333,1001.2
2013/5/3,28.57142857,31.57142857,9,999.4285714
2013/5/4,32.85714286,31.42857143,2.914285714,999
2013/5/5,32.625,31.125,3.0125,1000.625
2013/5/6,32.75,39.25,3.7,1001.625
2013/5/7,32.875,33.25,7.175,1002
2013/5/8,34.5,23,9.25,1001.166667
2013/5/9,34.28571429,26,8.985714286,1000.857143
2013/5/10,34,27.71428571,9.528571429,1000.142857
2013/5/11,30.75,30.375,14.8125,999.875
2013/5/12,29.85714286,40.14285714,5.828571429,1003.714286
2013/5/13,31.71428571,34,3.971428571,1003.571429
2013/5/14,32.28571429,34.28571429,4.771428571,1001.571429
2013/5/15,33,33,3.2375,999.8571429
2013/5/16,33,34.75,7.175,998.5
2013/5/17,32.83333333,28.16666667,9.866666667,1000.333333
2013/5/18,31.4,42.2,12.96666667,999
2013/5/19,35.33333333,22.33333333,15.75,999.6666667
2013/5/20,36.4,24.2,7.4,998.4
2013/5/21,36,19,11.37142857,998.6666667
2013/5/22,36.75,22.125,17.5875,998.625
2013/5/23,37.5,23.33333333,13.56666667,997.1666667
2013/5/24,38.42857143,27.42857143,11.38571429,996.4285714
2013/5/25,38.71428571,22.42857143,10.31428571,998.1428571
2013/5/26,37.8,21.2,10.74,998.2
2013/5/27,35.85714286,31.57142857,8.728571429,999.1428571
2013/5/28,35.33333333,29,8.333333333,1000.166667
2013/5/29,34.14285714,27.85714286,5.557142857,999.4285714
2013/5/30,32.2,28.2,5.56,999.6
2013/5/31,33.625,40.125,10.6375,998.7142857
2013/6/1,32,54,13.4375,998.75
2013/6/2,32.4,56.6,14.2,1001
2013/6/3,35.6,47,12.24,999.6
2013/6/4,35.85714286,42.57142857,5.028571429,999.8571429
2013/6/5,37.16666667,36.5,9.866666667,998
2013/6/6,31.28571429,61.71428571,10.04285714,997.2857143
2013/6/7,34,49.25,7.4125,998
2013/6/8,34.2,57.4,13.34,997
2013/6/9,36.16666667,40,11.41666667,995.1666667
2013/6/10,36.625,42.75,8.1,995.125
2013/6/11,30.16666667,61.66666667,16.35,1000
2013/6/12,34.14285714,54.14285714,7.414285714,998
2013/6/13,29.83333333,68.66666667,9.866666667,998.6666667
2013/6/14,30.14285714,68.14285714,7.942857143,997.4285714
2013/6/15,30.71428571,65,13.22857143,997.8571429
2013/6/16,27,88.85714286,8.485714286,996.4285714
2013/6/17,26.875,87.375,8.3375,994.75
2013/6/18,28.4,83.6,5.18,996.4
2013/6/19,29.85714286,72.85714286,4.228571429,999
2013/6/20,33,52.71428571,4.771428571,997.1666667
2013/6/21,34.83333333,47.33333333,5.866666667,995.3333333
2013/6/22,35.6,39.4,10.74,996.2
2013/6/23,35.16666667,53,8.35,995.6666667
2013/6/24,33.14285714,55,13.22857143,996.2857143
2013/6/25,30.57142857,70.42857143,11.11428571,999.1666667
2013/6/26,30.66666667,71.5,6.483333333,999
2013/6/27,31.42857143,61.85714286,7.957142857,996.7142857
2013/6/28,31.5,64.25,8.8125,996
2013/6/29,33.25,57,13.875,995.25
2013/6/30,32.83333333,52.16666667,10.5,997.1666667
2013/7/1,33.85714286,54,8.728571429,996.4285714
2013/7/2,33.14285714,58.28571429,9.8,996
2013/7/3,31.57142857,70,6.357142857,997.5714286
2013/7/4,32.375,67.5,9.25,997
2013/7/5,32.8,62.2,12.96,997.8
2013/7/6,31,73.14285714,11.37142857,1000.571429
2013/7/7,31.16666667,77.33333333,7.1,1000.166667
2013/7/8,29.83333333,75.16666667,6.483333333,997.5
2013/7/9,29,78.83333333,8.016666667,996.8333333
2013/7/10,29.75,75.375,6.4875,995.75
2013/7/11,32.5,65.5,7.116666667,997.3333333
2013/7/12,28.875,86.625,5.5625,1000
2013/7/13,31.75,70.25,12.0625,998.875
2013/7/14,30.75,71.625,4.8125,997.375
2013/7/15,31.75,73.25,13.5375,998.375
2013/7/16,29.875,83.875,9,999
2013/7/17,31.125,78.375,8.65,998
2013/7/18,31.75,76,5.55,995
2013/7/19,30.5,73.5,9.266666667,995.3333333
2013/7/20,26.83333333,90.66666667,4.933333333,999.1666667
2013/7/21,28.2,88,2.24,996.4
2013/7/22,29.5,80.33333333,4.333333333,996.8333333
2013/7/23,31.85714286,70.71428571,3.971428571,998
2013/7/24,29.71428571,84.14285714,3.971428571,997.1428571
2013/7/25,28.33333333,84.5,8.016666667,995.1666667
2013/7/26,30,73.85714286,5.571428571,995.4285714
2013/7/27,30.14285714,79,4.228571429,997.2857143
2013/7/28,32.28571429,67.42857143,6.085714286,998.1428571
2013/7/29,31,77.42857143,4.771428571,997.1428571
2013/7/30,30.5,75.66666667,8.016666667,996.5
2013/7/31,28.83333333,78.5,9.866666667,996.6666667
2013/8/1,30,73.5,5.55,998
2013/8/2,31.57142857,66.42857143,11.11428571,999.4285714
2013/8/3,32.5,62.33333333,10.81666667,1000.833333
2013/8/4,32.5,62.5,5.1,993.25
2013/8/5,29.5,77,6.783333333,1001
2013/8/6,27.16666667,90.66666667,4.016666667,1002.166667
2013/8/7,28.375,85.25,3.25,1001.875
2013/8/8,28.5,84,6.166666667,1000.5
2013/8/9,27.16666667,87.5,3.716666667,1001
2013/8/10,29.42857143,79.85714286,6.1,1000.333333
2013/8/11,30,76.83333333,6.8,1001.166667
2013/8/12,29.5,81.5,8.35,1001
2013/8/13,30.75,72,11.125,999.25
2013/8/14,29.66666667,74.33333333,9.866666667,999.8333333
2013/8/15,27.71428571,85,8.2,1001.714286
2013/8/16,26.6,92,4.46,1000.8
2013/8/17,27.42857143,91,14.28571429,999.4285714
2013/8/18,28.33333333,83.83333333,1.233333333,1000.166667
2013/8/19,28.16666667,84.66666667,5.55,1000.5
2013/8/20,27.375,88.5,5.325,999
2013/8/21,28.33333333,81.16666667,10.31428571,999.2857143
2013/8/22,29.16666667,74.83333333,6.483333333,1001.166667
2013/8/23,31.28571429,73.14285714,2.642857143,1001.428571
2013/8/24,32,71.25,18.525,1000.333333
2013/8/25,29,90.75,0.925,998.75
2013/8/26,32,69.875,6.475,997.8571429
2013/8/27,32.14285714,57.28571429,17.07142857,999.8571429
2013/8/28,30.14285714,60.71428571,11.64285714,1003.714286
2013/8/29,31.5,57,9.275,1003.25
2013/8/30,29.16666667,73,3.1,1003.5
2013/8/31,29,71.75,4.65,1003.25
2013/9/1,30,65.2,11.48,1003.2
2013/9/2,31.85714286,50.85714286,15.34285714,1003.714286
2013/9/3,32.75,45.5,14.8,1001.5
2013/9/4,31.71428571,48,14.54285714,1002.166667
2013/9/5,31.66666667,46,13.56666667,1001.5
2013/9/6,30.57142857,55.71428571,10.04285714,1003.428571
2013/9/7,30.83333333,51.83333333,6.783333333,1004.166667
2013/9/8,28,71.75,2.325,1007.25
2013/9/9,31,57.5,42.22,1007
2013/9/10,29.66666667,66.33333333,3.7,1005.333333
2013/9/11,30.85714286,61.14285714,3.971428571,1005.571429
2013/9/12,31.16666667,60.33333333,2.783333333,1008.166667
2013/9/13,31.14285714,67.14285714,3.171428571,1007.142857
2013/9/14,30.5,67,2.783333333,1003.833333
2013/9/15,31.625,56.375,3.9375,1001.375
2013/9/16,29.66666667,60,7.1,1002.333333
2013/9/17,29.25,56.5,3.475,1002.875
2013/9/18,29.14285714,58.57142857,5.557142857,1003.142857
2013/9/19,29.8,61.6,2.96,1001.8
2013/9/20,28.66666667,70,9.583333333,1003
2013/9/21,25.2,89,5.18,1003
2013/9/22,28.33333333,79.66666667,3.083333333,1001.666667
2013/9/23,30.28571429,68,4.5,1001
2013/9/24,30.75,65.75,5.7875,1002.75
2013/9/25,28.57142857,75,6.614285714,1005.428571
2013/9/26,28.2,78.8,4.08,1006.6
2013/9/27,29,71.25,7.4125,1005.625
2013/9/28,30,67.33333333,1.233333333,1005.333333
2013/9/29,28.14285714,79.85714286,5.557142857,1003.857143
2013/9/30,26.85714286,84.57142857,4.228571429,1004.714286
2013/10/1,28.28571429,68.71428571,6.371428571,1007.714286
2013/10/2,29.2,61.4,7.42,1010
2013/10/3,28.6,59,7.4,1008.6
2013/10/4,24.83333333,84.33333333,6.783333333,1007.5
2013/10/5,28.5,69,2.0875,1004.125
2013/10/6,29.75,66.5,1.85,1005.25
2013/10/7,29.71428571,66.57142857,1.585714286,1008.857143
2013/10/8,29.2,69.4,0,1009.8
2013/10/9,30.83333333,65.5,5.566666667,1010.333333
2013/10/10,29.42857143,66.28571429,3.971428571,1010.857143
2013/10/11,23.85714286,89.85714286,4.242857143,1010.571429
2013/10/12,26.14285714,82.57142857,2.914285714,1008.285714
2013/10/13,27.16666667,84.33333333,0.616666667,1007.666667
2013/10/14,27.71428571,74.85714286,5.557142857,1007
2013/10/15,25.85714286,76.42857143,3.7,1009.142857
2013/10/16,26.42857143,75,0,1009
2013/10/17,26.85714286,76.71428571,1.057142857,1010.428571
2013/10/18,26.33333333,73.16666667,0,1010.5
2013/10/19,24.57142857,69.57142857,2.114285714,1011.571429
2013/10/20,24.33333333,67.83333333,1.55,1010.666667
2013/10/21,24.875,63.625,1.3875,1009.875
2013/10/22,27.8,53.6,0,1011
2013/10/23,25,67.5,1.1625,1013.625
2013/10/24,23.85714286,73.14285714,1.057142857,1013.285714
2013/10/25,22.8,75.8,1.86,1011
2013/10/26,23,78.2,0.74,1011.2
2013/10/27,22.875,66.875,2.55,1010.625
2013/10/28,22.66666667,63.16666667,4.933333333,1010
2013/10/29,23,62.71428571,3.971428571,1011.142857
2013/10/30,22.85714286,67.42857143,2.385714286,1012.857143
2013/10/31,23.66666667,58.83333333,3.083333333,1012.833333
2013/11/1,23.42857143,69.14285714,1.057142857,1013.285714
2013/11/2,21.625,65,4.6375,1014.5
2013/11/3,20.625,57.875,5.5625,1016
2013/11/4,21.16666667,54.16666667,2.466666667,1017.5
2013/11/5,18.83333333,74.33333333,0,1017.5
2013/11/6,20.57142857,66.71428571,3.185714286,1015.857143
2013/11/7,20.14285714,73.14285714,4.5,1015.666667
2013/11/8,18,82.2,19.9125,1015.625
2013/11/9,19.85714286,73.57142857,0.528571429,1016.714286
2013/11/10,16.83333333,72,2.466666667,1016
2013/11/11,18.85714286,61.85714286,5.814285714,1013.428571
2013/11/12,16.57142857,71.71428571,0.8,1013.857143
2013/11/13,17.75,65,3.0125,1014.25
2013/11/14,17.625,63.375,3.475,1015.25
2013/11/15,17,67,0.925,1016.5
2013/11/16,16.625,69.625,0,1018
2013/11/17,15.57142857,67.42857143,2.385714286,1017.714286
2013/11/18,18.5,55.125,7.4125,1016.875
2013/11/19,17.875,63.5,7.175,1015.5
2013/11/20,18.25,58.875,2.55,1012.75
2013/11/21,17.875,66.25,2.0875,1013.125
2013/11/22,17.625,74.875,1.1625,1015.75
2013/11/23,18.14285714,77.85714286,0.8,1014.571429
2013/11/24,19.125,58.875,5.0875,1014.5
2013/11/25,21.25,49.875,9.5,1012.875
2013/11/26,21.25,51.375,9.75,1011.75
2013/11/27,19.125,68.5,2.7875,1014.75
2013/11/28,18.625,71.875,1.85,1017.75
2013/11/29,17.75,66.625,4.8625,1016.875
2013/11/30,17.875,69.625,11.8125,1015.875
2013/12/1,18,65,1.585714286,1016.142857
2013/12/2,17.25,73.25,1.85,1015.875
2013/12/3,17.5,73.5,1.3875,1016.75
2013/12/4,17.14285714,71.85714286,4.228571429,1017
2013/12/5,17.14285714,69,6.885714286,1015.285714
2013/12/6,16.125,72.375,3.7125,1014
2013/12/7,16,80.5,1.1625,1014.25
2013/12/8,16.5,83.625,0,1014
2013/12/9,16.125,79.25,2.3125,1013.5
2013/12/10,15.5,81.75,2.55,1013.75
2013/12/11,16.625,71.875,6.475,1014.125
2013/12/12,17.75,62.375,16.9,1012.5
2013/12/13,17.14285714,67.71428571,11.62857143,1012
2013/12/14,16.14285714,79,0.8,1012.571429
2013/12/15,15.5,86.25,2.55,1015.125
2013/12/16,15.25,89.5,1.1625,1015.625
2013/12/17,14.75,92.875,0.925,1014.25
2013/12/18,14.875,93,2.0875,1012.625
2013/12/19,16.125,89.125,3.25,1012.875
2013/12/20,15.375,91.375,4.4125,1016
2013/12/21,14.75,94,0.4625,1017
2013/12/22,15.25,94,1.3875,1018.375
2013/12/23,14.25,88.25,9.025,1020.5
2013/12/24,13.5,84.75,5.7875,1021.375
2013/12/25,13.66666667,63.16666667,34.4875,1020.625
2013/12/26,12.125,67.625,4.4,1019.25
2013/12/27,11.875,79.875,1.1625,1018.625
2013/12/28,10.875,70,5.325,1019.25
2013/12/29,10.57142857,69.42857143,5.325,1018.5
2013/12/30,12.375,79.5,6.475,1018.125
2013/12/31,14.5,89.375,4.8625,1020.5
2014/1/1,13.375,89.625,7.65,1021
2014/1/2,11,78.375,8.1,1020.25
2014/1/3,12.5,74.875,5.325,1017.75
2014/1/4,12.875,88.125,1.1625,1016.25
2014/1/5,12.375,89,0.4625,1014.5
2014/1/6,11.42857143,86.28571429,27.3375,1017.625
2014/1/7,12.14285714,72.28571429,20.6,1017.75
2014/1/8,11.875,76.875,1.85,1017.875
2014/1/9,12.83333333,83,1.233333333,1017
2014/1/10,12.375,85.375,0,1016.625
2014/1/11,12.125,82.625,6.725,1019.625
2014/1/12,12.875,80.875,3.25,1020.75
2014/1/13,14,72.375,1.1625,1019.375
2014/1/14,14.875,76.75,2.7875,1017
2014/1/15,12,93.5,0.4625,1019.75
2014/1/16,12.28571429,90.57142857,1.585714286,1019.571429
2014/1/17,12,95.75,1.1625,1017.625
2014/1/18,12.5,94.25,1.85,1020.25
2014/1/19,14.5,84.5,3.475,1023
2014/1/20,14.625,83.5,4.4125,1021.375
2014/1/21,13.57142857,96.85714286,7.171428571,1020.571429
2014/1/22,15.25,96.125,6.7125,1019.875
2014/1/23,15.625,90.125,6.7125,1020.25
2014/1/24,13.875,88.875,8.1125,1019.25
2014/1/25,11.75,95.625,8.3375,1019.75
2014/1/26,14.375,85.75,8.8125,1019.125
2014/1/27,16.625,72.375,9.95,1018.75
2014/1/28,16.625,69.875,7.4125,1016.75
2014/1/29,14.875,81.875,4.625,1018.625
2014/1/30,14.5,83.25,0.925,1019.375
2014/1/31,14.75,82.5,3.0125,1019.25
2014/2/1,14,79.375,2.55,1019.75
2014/2/2,15.25,76.125,1.85,1016.875
2014/2/3,18.42857143,63.85714286,12.2875,1014.125
2014/2/4,18.85714286,65.42857143,13.425,1011
2014/2/5,17,72.75,1.625,1011.5
2014/2/6,18.5,65.375,6.0125,1010.875
2014/2/7,19.625,67.25,15.05,1009.25
2014/2/8,13.625,85.375,8.1125,1011.375
2014/2/9,12.875,63.375,9.2625,1012
2014/2/10,12.625,61.75,3.7,1012.5
2014/2/11,13.375,64.625,3.7,1013.5
2014/2/12,13.25,67,9.2625,1013.5
2014/2/13,15.25,64.5,4.875,1013.625
2014/2/14,13,95.5,5.3375,1011.875
2014/2/15,12.375,89.5,3.9375,1012.875
2014/2/16,13.5,79,8.7875,1016
2014/2/17,15.125,66.125,12.725,1017.75
2014/2/18,15.25,60.125,8.8,1017.375
2014/2/19,15.125,75.375,1.85,1016.625
2014/2/20,16.125,78.625,1.8625,1014.75
2014/2/21,17.125,72.25,8.7875,1014.25
2014/2/22,16.625,85.625,6.25,1017.375
2014/2/23,16.5,80,7.8875,1019.375
2014/2/24,16.375,69.375,5.3375,1018.625
2014/2/25,18.125,69,0.925,1017.25
2014/2/26,18.75,71.125,2.0875,1014.25
2014/2/27,18.625,76.625,7.175,1013.125
2014/2/28,15.625,88.375,5.8,1013.125
2014/3/1,16.14285714,87.28571429,4.242857143,1015.285714
2014/3/2,16.125,79,5.7875,1017.125
2014/3/3,17.875,65.625,3.7,1016.25
2014/3/4,18.75,66.375,3.7125,1016.5
2014/3/5,18.875,67,5.325,1016.125
2014/3/6,18.375,64,4.6375,1016.375
2014/3/7,18.5,62.875,6.7125,1017.125
2014/3/8,19.875,63.875,9.9625,1017
2014/3/9,22,56.625,7.65,1014.5
2014/3/10,20,63.875,10.8875,1014.375
2014/3/11,20.71428571,70,15.6,1013.714286
2014/3/12,20,68.875,6.4875,1016.25
2014/3/13,19,60.625,9.95,1016.25
2014/3/14,19.625,61.25,5.8,1015
2014/3/15,21.625,62.625,2.7875,1016.375
2014/3/16,23.125,58.5,6.25,1015.375
2014/3/17,26.25,52.125,6.7125,1011.25
2014/3/18,24.85714286,53.42857143,9.8,1012.857143
2014/3/19,21.75,57.375,10.1875,1013.25
2014/3/20,21.5,55,7.4,1010.75
2014/3/21,22.5,64.75,5.3375,1007.125
2014/3/22,25,59.5,3.0125,1007
2014/3/23,22.75,61.875,9.025,1010.625
2014/3/24,22.375,73.125,9.4875,1011.625
2014/3/25,24.625,60.25,2.775,1010.5
2014/3/26,25.125,58.875,2.775,1010.625
2014/3/27,23.5,63.25,4.8875,1011.75
2014/3/28,24.42857143,67.57142857,4.5,1011.142857
2014/3/29,25.875,55.625,8.35,1011.25
2014/3/30,24.125,46.75,13.9,1009.875
2014/3/31,24.125,44.125,13.2,1008.25
2014/4/1,24.875,45.75,9.7125,1006.125
2014/4/2,26.75,43.375,7.175,1005.75
2014/4/3,25,48,10.425,1010.375
2014/4/4,25.85714286,47.85714286,11.91428571,1009.857143
2014/4/5,27.375,44,9.2625,1008.875
2014/4/6,30.125,45.25,6.7125,1007.5
2014/4/7,27.25,47.625,12.9625,1009.625
2014/4/8,25.75,41.875,12.725,1010.375
2014/4/9,25.75,35.25,12.7375,1010.25
2014/4/10,26.375,29.25,12.5,1010.875
2014/4/11,28.14285714,29,10.05714286,1008.571429
2014/4/12,29.125,39.875,5.1,1007.125
2014/4/13,26.875,40.375,15.5125,1009.625
2014/4/14,27.625,46.625,5.35,1010.625
2014/4/15,29,48.125,2.55,1009.125
2014/4/16,27.125,53.625,4.4,1008.25
2014/4/17,26.375,49.625,9.25,1007
2014/4/18,24.25,64.375,14.3375,1011.625
2014/4/19,25.625,57.875,5.1,1011.375
2014/4/20,27,48,4.6375,1010.5
2014/4/21,28,33.125,8.8125,1010
2014/4/22,29.375,29.375,12.5,1011.75
2014/4/23,29.125,37,6.025,1009
2014/4/24,29.375,35.875,7.875,1005.875
2014/4/25,30.625,34.375,8.1125,1006.125
2014/4/26,31.5,32,8.1125,1006.375
2014/4/27,30.625,30,8.35,1007.125
2014/4/28,31.5,27.875,10.1875,1005.625
2014/4/29,32.125,28.875,8.325,1003.875
2014/4/30,33.25,25.5,5.3375,1003.75
2014/5/1,34.875,22.5,9.7375,1001.5
2014/5/2,34.375,24.75,6.4875,1001.875
2014/5/3,31.75,33.375,6.475,1003.625
2014/5/4,31.875,34.375,5.8,1003
2014/5/5,29.75,53.25,9.0375,1005.75
2014/5/6,29.57142857,51.14285714,6.885714286,1006.857143
2014/5/7,31.75,48.625,1.85,1004.25
2014/5/8,31.375,43,10.6625,1002.625
2014/5/9,30.5,39.625,6.4875,1000.428571
2014/5/10,30,37.625,7.8875,1000.75
2014/5/11,29.625,40.375,7.65,1004
2014/5/12,28,53.375,10.8875,1004.875
2014/5/13,25.25,65.75,9.9625,1008.375
2014/5/14,26.875,55.25,8.575,1006.5
2014/5/15,29.5,39.875,11.125,1004.25
2014/5/16,31.125,40.25,9.4875,1003.5
2014/5/17,29.875,47.625,7.175,1007
2014/5/18,31.5,35.375,13.9,1007.375
2014/5/19,32.375,29.5,11.575,1006.625
2014/5/20,31.125,34,7.6375,1006.625
2014/5/21,33,32.5,9.7125,1002.125
2014/5/22,33.25,33.375,11.1125,999.5
2014/5/23,34.625,32.75,19.45,1000
2014/5/24,31.5,50.5,6.725,1004.125
2014/5/25,31.5,43.25,16.4375,1005.5
2014/5/26,30.125,54.125,4.175,1007.125
2014/5/27,31.875,49.75,2.55,1004.75
2014/5/28,33.625,44.5,3.95,1001.25
2014/5/29,35.25,40.125,4.4,999.375
2014/5/30,33.125,44.5,11.5875,999.5714286
2014/5/31,34.625,39,6.4875,999.625
2014/6/1,32.75,34.25,16.2,1003.25
2014/6/2,32.75,41.375,4.6375,1003.25
2014/6/3,34.875,33.625,6.4875,1000
2014/6/4,35.25,33.125,7.1875,998.125
2014/6/5,36.875,26.875,8.5625,996.125
2014/6/6,37.5,27.625,10.2,994.875
2014/6/7,38.5,22.75,13.1875,994
2014/6/8,37.625,26.25,6.725,993.125
2014/6/9,37.875,32.125,6.025,993.125
2014/6/10,37.25,20.875,12.0375,994.75
2014/6/11,37.625,23.125,14.8125,995.625
2014/6/12,32.875,39.25,24.325,997
2014/6/13,30.25,55.125,16.6625,997.625
2014/6/14,30.5,66.875,6.4875,997.375
2014/6/15,33.875,52,8.1,997.125
2014/6/16,36.375,41.375,10.8875,995.625
2014/6/17,36.875,42.125,15.9625,994.125
2014/6/18,33.875,58,10.425,994.25
2014/6/19,35.75,47.875,10.8875,993.25
2014/6/20,38,36.125,17.825,991.375
2014/6/21,36.875,40.125,9.7375,993.875
2014/6/22,34.5,46.75,4.4,996.375
2014/6/23,32.125,49.75,6.7125,996.25
2014/6/24,33,46.25,10.1875,995.5
2014/6/25,32.25,53.25,13.2,997.625
2014/6/26,32.5,60.375,3.2375,1001
2014/6/27,34.75,48.5,9.4875,1001.625
2014/6/28,34.875,49,5.7875,999.375
2014/6/29,33,57.75,9.7125,997.75
2014/6/30,32,67.75,3.25,997.5
2014/7/1,31.375,65.125,6.25,1000.875
2014/7/2,29.5,71.375,5.7875,1001.125
2014/7/3,28.875,75.125,5.0875,998.2857143
2014/7/4,31.38888889,69,4.333333333,998.7777778
2014/7/5,34.70588235,52.05882353,9.202941176,1000.705882
2014/7/6,30.625,61.125,3.7125,1000.5
2014/7/7,34,48.75,5.5625,998.25
2014/7/8,35,39.5,9.725,996.875
2014/7/9,36,37.125,13.65,996.5
2014/7/10,36.125,38.75,11.3375,996.875
2014/7/11,36.625,38.625,8.7875,996.125
2014/7/12,35.875,51.375,5.3375,996
2014/7/13,31.625,69.75,6.025,998
2014/7/14,32.375,67.875,6.725,997.125
2014/7/15,33.125,62.625,8.825,996
2014/7/16,32.625,63,10.45,997.25
2014/7/17,30.75,74.25,6.725,996.125
2014/7/18,27.25,83.875,2.55,994.875
2014/7/19,29.875,71,6.25,995.125
2014/7/20,30.875,68.875,6.2625,996.75
2014/7/21,32.125,65.5,4.65,996
2014/7/22,31.625,69.75,7.175,997
2014/7/23,30.625,72.875,8.1125,997.75
2014/7/24,30.5,63.625,12.0375,998.7142857
2014/7/25,30.75,63.25,9.9625,1000.75
2014/7/26,32.5,61.5,7.175,1001.875
2014/7/27,31.71428571,65.42857143,6.25,1001.875
2014/7/28,30,75.75,18.05,999.375
2014/7/29,30.25,69.875,5.7875,999.25
2014/7/30,31.875,65.75,4.175,999.5714286
2014/7/31,32.5,65.75,7.425,999.625
2014/8/1,33.25,59.5,6.5,998
2014/8/2,30.125,77.75,0.925,997.125
2014/8/3,31.5,66.25,5.7875,995.375
2014/8/4,30.5,69.75,5.1,996.125
2014/8/5,29.75,77.5,1.85,997.5
2014/8/6,32.125,65,5.5625,996.875
2014/8/7,31.125,65.375,6.95,997
2014/8/8,31,67.875,6.0125,998.375
2014/8/9,29.23529412,80.47058824,6.652941176,1001.647059
2014/8/10,28.5,89.90625,5.225,1002.15625
2014/8/11,31.125,72.125,3.0125,999.875
2014/8/12,32.125,57.5,8.3375,998.75
2014/8/13,32.125,57.71428571,20.825,998.25
2014/8/14,30.375,57.5,18.5125,997.375
2014/8/15,31.125,54.875,14.5875,998.875
2014/8/16,30.42857143,59.85714286,8.35,1002.5
2014/8/17,31.375,53.875,7.1875,1003.25
2014/8/18,31.875,56.625,5.5625,1005.375
2014/8/19,33,52.42857143,6.885714286,1004.857143
2014/8/20,33.25,47.125,8.7875,1002.375
2014/8/21,32.5,43,10.8875,1001.25
2014/8/22,33,47.125,8.5625,1002.857143
2014/8/23,33.125,45.75,9.2625,1003.25
2014/8/24,33.125,46.25,11.35,1002.875
2014/8/25,33.875,46.625,7.875,1002.375
2014/8/26,34.125,40.25,9.9625,1001.375
2014/8/27,33.85714286,44.71428571,8.1125,1001.125
2014/8/28,29.625,67.75,6.725,1003.75
2014/8/29,30.375,69.25,3.7,1003.5
2014/8/30,28.625,78.125,4.1625,1002.625
2014/8/31,27.625,86.125,4.4125,1001.25
2014/9/1,29.42857143,65.85714286,15.5125,1001.125
2014/9/2,29.25,71,10.425,1001.875
2014/9/3,28.625,77.875,15.0375,1001.428571
2014/9/4,27.875,80.75,9.275,1000.375
2014/9/5,26.5,85.75,8.3375,1000.142857
2014/9/6,28.5,76.875,2.0875,1002.375
2014/9/7,31,67.625,1.4,1003.25
2014/9/8,31.25,66.375,3.475,1003.125
2014/9/9,31,70.125,1.85,1002.375
2014/9/10,28.75,77.5,4.875,1003.25
2014/9/11,26.57142857,85.71428571,17.825,1005.571429
2014/9/12,28.5,73,1.625,1005.125
2014/9/13,29.375,68.25,4.1625,1004
2014/9/14,29.125,65.5,6.7125,1004.25
2014/9/15,29.625,63.125,6.7125,1004.25
2014/9/16,30.625,65.125,6.25,1002.25
2014/9/17,30.625,61.875,7.4,1002.125
2014/9/18,30.5,62.375,6.7125,1003.875
2014/9/19,31,56.625,4.175,1003.5
2014/9/20,31.125,55.75,4.4,1002.875
2014/9/21,30.5,54.875,5.5625,1003.625
2014/9/22,30.625,50,13.4375,1004.5
2014/9/23,31,47,30.68571429,1004.285714
2014/9/24,29.625,53,8.1,1006.25
2014/9/25,30,52.5,9.725,1007.75
2014/9/26,30,52.5,5.7875,1008.125
2014/9/27,30.5,46.875,8.8,1009.25
2014/9/28,30.25,48.875,7.175,1009.625
2014/9/29,30.5,48.75,7.4125,1009.125
2014/9/30,30.625,50.125,6.7125,1009.625
2014/10/1,30.42857143,52.85714286,3.171428571,1010.428571
2014/10/2,30.375,53.375,2.7875,1009.125
2014/10/3,30.5,52.625,1.85,1008
2014/10/4,31,53.5,0,1008.5
2014/10/5,30.625,56.125,0,1010.375
2014/10/6,30.625,56.75,0,1010.125
2014/10/7,31,59.375,1.1625,1008.375
2014/10/8,28.75,52.75,3.7125,1009.875
2014/10/9,27.625,49.875,3.2375,1010.125
2014/10/10,27.125,57.375,3.2375,1008.75
2014/10/11,25.71428571,57.14285714,6.9375,1008.25
2014/10/12,26,58.625,0.4625,1008.375
2014/10/13,27.625,59.75,8.8,1009.875
2014/10/14,24.5,67.625,5.325,1010.875
2014/10/15,24.5,68,3.2625,1013.375
2014/10/16,23,58.875,4.8625,1014
2014/10/17,25,47.66666667,25.0125,1013.625
2014/10/18,24,56.14285714,21.3,1012.875
2014/10/19,23.75,57.75,4.1625,1012.625
2014/10/20,24.75,55.625,4.4,1013.125
2014/10/21,25.625,56.125,2.0875,1014.625
2014/10/22,25.75,64.875,0.4625,1014.5
2014/10/23,25.25,66,0.925,1012.75
2014/10/24,25.5,67.5,1.85,1011.75
2014/10/25,25.25,67.125,0.925,1012.375
2014/10/26,25.125,65.5,2.0875,1014.875
2014/10/27,24.875,62.875,1.8625,1013.75
2014/10/28,25.125,64.75,2.5625,1012
2014/10/29,24.75,65.75,1.625,1012.125
2014/10/30,23.875,61.375,1.85,1014.5
2014/10/31,23.375,58.25,3.7125,1013.625
2014/11/1,22.5,50.875,5.325,1014.125
2014/11/2,22.875,49.125,7.1875,1014.5
2014/11/3,23.375,52.75,4.1625,1013.5
2014/11/4,23.625,56.625,3.9375,1012.125
2014/11/5,22.75,56.25,4.625,1012.375
2014/11/6,23,56.25,6.25,1011.625
2014/11/7,24,66.125,2.3125,1012.875
2014/11/8,23.875,66.25,1.625,1014.625
2014/11/9,24.125,56.375,4.1625,1015.125
2014/11/10,21.375,52.125,3.475,1014
2014/11/11,19.25,55.125,2.325,1014.75
2014/11/12,19.625,52,2.3125,1015.875
2014/11/13,18.5,50.5,3.2375,1016.5
2014/11/14,18.375,43,7.4125,1016.375
2014/11/15,18.625,44.75,2.775,1014.875
2014/11/16,18.25,47.625,2.55,1015.375
2014/11/17,17.75,51.75,2.775,1016.125
2014/11/18,17.625,53,2.0875,1017.875
2014/11/19,17.5,58.125,1.1625,1016.5
2014/11/20,20.375,54.625,3.025,1013.375
2014/11/21,18.25,62.125,3.2375,1012.75
2014/11/22,19.875,58.875,1.625,1011.375
2014/11/23,17.125,57.375,1.3875,1014.625
2014/11/24,16.875,52.25,4.175,1016
2014/11/25,16.5,51.5,2.55,1014.875
2014/11/26,19.625,51,5.55,1009.875
2014/11/27,18.125,63.875,0,1011.75
2014/11/28,19.375,67.375,0,1012.5
2014/11/29,20.25,67.625,0,1012.375
2014/11/30,19.75,54.75,2.55,1014
2014/12/1,20,42.625,8.8,1013.75
2014/12/2,21.375,47.625,7.875,1012.75
2014/12/3,25,66.57142857,11.37142857,1007
2014/12/4,21.25,68.875,4.8625,1010.375
2014/12/5,17.75,59.875,2.55,1017.125
2014/12/6,18.25,48.875,4.8625,1016.375
2014/12/7,17.25,48.375,4.8625,1014.75
2014/12/8,17,49.875,2.775,1015
2014/12/9,15.28571429,67.57142857,0,1016.857143
2014/12/10,21.5,65.5,4.8625,1010.5
2014/12/11,19.625,70.5,3.25,1011.625
2014/12/12,17.5,65.625,0.4625,1014.375
2014/12/13,16,71.875,8.8,1016.125
2014/12/14,16.875,86.625,3.95,1014.5
2014/12/15,16.625,75.75,2.325,1016.125
2014/12/16,17.75,72.375,7.425,1017.375
2014/12/17,12.875,72.125,6.4875,1020.25
2014/12/18,11.75,79.75,3.0125,1021.375
2014/12/19,11.75,81.75,0.4625,1022.125
2014/12/20,11.25,77,5.8,1018.75
2014/12/21,9.5,79.125,0.925,1018
2014/12/22,9.375,85,1.3875,1017.125
2014/12/23,9.625,78.625,1.625,1017.875
2014/12/24,9.875,83,3.475,1021.25
2014/12/25,9.25,81.125,8.1,1020.125
2014/12/26,10.75,77,7.6375,1017.75
2014/12/27,10.375,69,2.775,1018.625
2014/12/28,9,86,0.7,1019.75
2014/12/29,11.125,72.625,1.3875,1017.25
2014/12/30,11.625,70.625,2.55,1014.625
2014/12/31,12.375,67.125,2.7875,1016.875
2015/1/1,14.75,72,0.925,1017.5
2015/1/2,14.875,96.625,3.0125,1017.875
2015/1/3,15.125,92,0.925,1017.375
2015/1/4,14.125,78.75,9.5125,1019.625
2015/1/5,14,69.375,15.05,1016
2015/1/6,12,79.875,4.4,1015.5
2015/1/7,9.625,86,3.9375,1016.625
2015/1/8,10,87.875,3.4875,1019.125
2015/1/9,10.625,80.625,1.625,1020.125
2015/1/10,11.125,73.125,4.4125,1018.875
2015/1/11,11,80.75,4.8625,1019.125
2015/1/12,10.625,79.5,0.925,1019.5
2015/1/13,12.25,77.875,4.875,1017.125
2015/1/14,12,82.25,5.1,1017.5
2015/1/15,12.375,79.125,0.925,1019.375
2015/1/16,13,78.125,4.6375,1019.25
2015/1/17,13.5,76.625,1.8625,1019.25
2015/1/18,13,73.875,2.55,1018.75
2015/1/19,13.75,78,1.85,1018.875
2015/1/20,13.375,74.375,7.1875,1020
2015/1/21,13.25,73.375,3.7,1021
2015/1/22,12.625,94.125,3.2375,1020.625
2015/1/23,14.625,85,1.1625,1020
2015/1/24,12.375,86.25,9.7375,1020.75
2015/1/25,13.25,77.75,4.1625,1020.375
2015/1/26,13.75,88.125,0.925,1019.875
2015/1/27,13.25,74.25,5.3375,1019.333333
2015/1/28,11.71428571,67,27.775,1018.25
2015/1/29,11.5,67.5,3.9375,1019.75
2015/1/30,12.75,56.125,12.0375,1020.375
2015/1/31,13.75,57.625,9.025,1017.875
2015/2/1,15,65.25,5.1,1017.75
2015/2/2,17.375,63.875,11.8125,1017.5
2015/2/3,16.75,71.25,7.175,1020.5
2015/2/4,14.625,81.125,9.25,1022
2015/2/5,14.625,62.875,7.4,1019.25
2015/2/6,15.125,62.625,3.0125,1019
2015/2/7,15.875,67.625,1.85,1017
2015/2/8,16.625,63.875,4.4125,1017.375
2015/2/9,16.875,63.5,5.55,1019.75
2015/2/10,15.75,64,4.625,1019.75
2015/2/11,16,66.625,1.85,1017.125
2015/2/12,15.5,69.625,6.025,1016.125
2015/2/13,17.25,59,6.725,1012.625
2015/2/14,19.375,63.125,4.1625,1009.625
2015/2/15,18.875,70.125,1.3875,1012.625
2015/2/16,20.625,71.25,10.425,1013.625
2015/2/17,21.14285714,72.57142857,5.028571429,1011.857143
2015/2/18,21.25,72.875,5.1,1011.75
2015/2/19,22.75,73.5,7.65,1012
2015/2/20,22.75,67.125,7.1875,1013.875
2015/2/21,21.875,63.5,11.3375,1014.125
2015/2/22,22.14285714,58.85714286,14.8125,1013.375
2015/2/23,21.5,74.375,3.025,1014.25
2015/2/24,22.875,72.375,6.0375,1010.625
2015/2/25,23.125,58.625,6.5,1008.5
2015/2/26,20,34.375,6.7125,1009.875
2015/2/27,19.25,43.125,5.8,1013
2015/2/28,21.25,45.5,6.95,1013
2015/3/1,17.375,92.75,14.8125,1011.125
2015/3/2,17.5,89.875,6.725,1012.5
2015/3/3,16.25,82.5,5.5625,1013.75
2015/3/4,16.75,69.25,6.7125,1014
2015/3/5,18.75,64,3.7,1015.75
2015/3/6,20,62.375,5.0875,1016.375
2015/3/7,18.375,80.375,4.175,1013.714286
2015/3/8,19.5,74.125,7.8875,1015.375
2015/3/9,18.125,54.25,12.2625,1021
2015/3/10,17.75,68.5,8.5625,1019.125
2015/3/11,18.25,69.875,6.025,1018.125
2015/3/12,20.5,63.375,5.325,1017
2015/3/13,21.375,65.25,4.175,1014.75
2015/3/14,21.5,64.625,7.875,1015.125
2015/3/15,17.625,89.125,11.575,1015.5
2015/3/16,19.85714286,81.85714286,8.5625,1017.375
2015/3/17,20.875,70.375,13.2,1015.875
2015/3/18,20.25,69.625,12.2625,1013.5
2015/3/19,21.125,66,5.3375,1014.875
2015/3/20,22.5,65.75,9.025,1014.875
2015/3/21,24.875,60.5,5.7875,1014.875
2015/3/22,25.125,64,10.2,1012
2015/3/23,24.75,65.75,7.6375,1010
2015/3/24,25.75,65.5,1.3875,1010.25
2015/3/25,26.625,65.625,2.55,1011.857143
2015/3/26,28.5,54.375,9.2625,1013
2015/3/27,27.375,51.375,7.65,1012
2015/3/28,27,53.625,3.7125,1009.625
2015/3/29,25,52.75,13.1875,1008.625
2015/3/30,23.5,66.25,14.8125,1010.375
2015/3/31,25.25,64.875,3.7,1010.142857
2015/4/1,26.42857143,59.71428571,6.7125,1007.5
2015/4/2,28.71428571,45.28571429,10.175,1004.625
2015/4/3,24.5,71.125,6.9625,1004.75
2015/4/4,21,77.5,1.3875,1005.25
2015/4/5,23.57142857,67.71428571,17.6,1007.75
2015/4/6,25,60.125,2.775,1007.75
2015/4/7,23.75,62.125,9.7375,1010.25
2015/4/8,25.625,50.375,6.7125,1012
2015/4/9,26,52.875,9.0375,1010.5
2015/4/10,27.125,52.25,6.25,1008.5
2015/4/11,28.25,44.875,8.1,1008.375
2015/4/12,24.375,63,5.325,1012.375
2015/4/13,24.75,70.875,6.95,1013.75
2015/4/14,26.25,62.75,3.0125,1012.75
2015/4/15,27.625,59.25,5.7875,1012.875
2015/4/16,25.25,58.25,8.1125,1013.875
2015/4/17,28.125,48.75,8.3375,1007.125
2015/4/18,30.125,44.5,5.5625,1002.375
2015/4/19,32.125,41,4.175,1003.875
2015/4/20,32.875,37.875,7.1875,1005.75
2015/4/21,31.75,28.5,11.1125,1005.625
2015/4/22,30.75,30.25,11.35,1003.125
2015/4/23,30.75,33,8.1,1004
2015/4/24,31.125,39.5,2.55,1004.375
2015/4/25,30.5,43.125,12.975,1005.875
2015/4/26,28.75,51.125,15.7375,1008
2015/4/27,30.125,53,17.5875,1006.75
2015/4/28,31,48.25,12.5125,1004.5
2015/4/29,31.25,47.25,9.025,1005
2015/4/30,32.625,44.75,15.05,1004
2015/5/1,31.25,43.5,5.3375,1005.875
2015/5/2,30.125,40.25,4.4,1006.25
2015/5/3,31,39.25,3.0125,1006.625
2015/5/4,30.875,39.25,3.9375,1006.625
2015/5/5,32.125,31.125,7.65,1003.875
2015/5/6,34.125,22,11.3625,1001.875
2015/5/7,35.42857143,13.42857143,15.34285714,1003.571429
2015/5/8,34.125,22.375,12.275,1003.25
2015/5/9,35.125,27,8.3375,1001.625
2015/5/10,35.125,25,6.9625,1001.375
2015/5/11,34,32.625,10.8875,1003.625
2015/5/12,33.125,46,6.0375,1004.875
2015/5/13,27.75,61,6.7125,1006.125
2015/5/14,29.625,49.625,4.4125,1007.25
2015/5/15,28.5,52.125,7.175,1006.5
2015/5/16,30,51.625,4.1625,1003.25
2015/5/17,33.25,40.375,8.35,1001.125
2015/5/18,35.375,35.75,5.5625,1000
2015/5/19,31.5,44,14.8125,1002.125
2015/5/20,33.125,31.625,14.6,1002
2015/5/21,35.625,24.625,11.3375,1000.375
2015/5/22,36.25,19.5,12.5125,998.125
2015/5/23,37.375,21.75,12.725,996.125
2015/5/24,36,29.25,5.1,997.375
2015/5/25,37.75,22.25,10.875,996.875
2015/5/26,35.25,26.625,17.125,1001.5
2015/5/27,33.75,20.5,6.7125,1001.25
2015/5/28,34.75,29.5,8.3375,1000.625
2015/5/29,35.125,27.25,8.125,1001.625
2015/5/30,32.25,38.75,12.2625,1003.875
2015/5/31,34.25,25,14.5875,1001.75
2015/6/1,29.375,41.75,12.5125,1003.25
2015/6/2,31.625,39.25,8.575,1003.5
2015/6/3,28.625,50.5,6.725,1004.625
2015/6/4,31.875,48.375,4.8625,1004
2015/6/5,32.625,39.875,6.0125,1003.5
2015/6/6,33.375,39.75,7.8625,1001.375
2015/6/7,35,36.25,7.175,999.25
2015/6/8,36.5,33,6.25,998.875
2015/6/9,37.625,23.875,18.75,998.875
2015/6/10,36.625,32.28571429,18.05,999.625
2015/6/11,35.625,34.75,18.2875,1000
2015/6/12,35.875,34.625,12.7375,998.5
2015/6/13,31.125,48.125,10.1875,998.8571429
2015/6/14,27,77.625,3.95,1000.285714
2015/6/15,31,60.75,3.0125,999.5714286
2015/6/16,32.375,52.125,2.7875,999.1428571
2015/6/17,33.875,49.75,3.25,998
2015/6/18,35.125,45.125,3.0125,997.625
2015/6/19,35.875,46.75,8.575,996.25
2015/6/20,33.125,48.5,12.975,997.875
2015/6/21,30.375,63.625,8.1125,998.125
2015/6/22,32.125,59.5,4.4,995.625
2015/6/23,31.5,61.625,6.0125,995
2015/6/24,37.25,63.875,6.5,995.375
2015/6/25,26.625,82.75,6.2625,994.75
2015/6/26,31.125,54.25,11.5625,995.25
2015/6/27,32.625,48.25,14.1125,997.125
2015/6/28,34.25,47.5,9.0375,1000.285714
2015/6/29,31.125,56.625,11.5625,1003.625
2015/6/30,30.875,58.625,9.9625,1002.625
2015/7/1,32,53.25,4.175,1001.875
2015/7/2,33.75,45.875,6.95,1001.125
2015/7/3,33,49,14.35,999.625
2015/7/4,34.125,51.5,16.9,997.5
2015/7/5,35.71428571,47.28571429,14.01428571,995.4285714
2015/7/6,27.875,83.25,9.275,997.875
2015/7/7,28.125,86.125,1.85,998.125
2015/7/8,31.25,72,2.775,998.625
2015/7/9,29.625,77.25,2.55,998.625
2015/7/10,26.625,92.125,6.025,998.75
2015/7/11,25.5,98,3.2375,999.3333333
2015/7/12,25.5,94.75,7.425,998.625
2015/7/13,29.875,73.125,4.8625,1000.625
2015/7/14,30.875,67.875,10.875,997.8571429
2015/7/15,33.375,52.875,17.1375,993.75
2015/7/16,31.75,61.375,13.4375,994.75
2015/7/17,30.75,75.625,4.4,997.25
2015/7/18,29.5,78.875,4.175,998
2015/7/19,30.125,70,0.7,997.625
2015/7/20,29.125,78,4.8625,999.125
2015/7/21,31.375,69.25,8.125,1000
2015/7/22,32.25,64.125,7.875,1001.125
2015/7/23,32.125,64.875,8.575,1001.75
2015/7/24,32,64.75,6.7125,1001
2015/7/25,30.85714286,71,19.9125,998.5714286
2015/7/26,30,71.625,16.8875,998.875
2015/7/27,29.625,69,11.3375,1000.285714
2015/7/28,29.5,61,11.5875,1000.125
2015/7/29,28.5,68.125,10.875,998
2015/7/30,29,67.75,9.9625,998.875
2015/7/31,29,71,4.175,999.75
2015/8/1,28.25,71.75,0.925,1002.75
2015/8/2,29.625,69.5,2.55,1003.625
2015/8/3,31.5,58.625,5.325,1001.875
2015/8/4,29.42857143,77.78571429,4.771428571,1000.071429
2015/8/5,29.59375,79.65625,8.221875,1000.28125
2015/8/6,29.5,79.125,3.025,998
2015/8/7,29.25,83,2.3125,1000
2015/8/8,28.875,84.875,1.625,1002
2015/8/9,27.375,90.125,3.0125,1000.25
2015/8/10,30.375,77,0,1000
2015/8/11,28.375,86.625,0.4625,1003
2015/8/12,30.75,74.25,0,1003.125
2015/8/13,32,69.5,0.4625,1001.875
2015/8/14,30.875,72.625,3.475,1002
2015/8/15,28.5,85.5,0,1002.75
2015/8/16,28.625,82.625,1.85,1002.875
2015/8/17,30.75,72.625,0.7,1001.375
2015/8/18,29.125,72.875,4.875,1002.571429
2015/8/19,31.25,61.25,33.325,1002.375
2015/8/20,30.75,58.625,14.6,1001.375
2015/8/21,29.375,72,8.575,1002
2015/8/22,30.25,65.375,5.8,1000.875
2015/8/23,29.875,69.375,5.5625,1000.857143
2015/8/24,30.75,65.625,7.1875,1001.75
2015/8/25,32,57.28571429,10.07142857,1001
2015/8/26,32,61,4.8625,1001.125
2015/8/27,32.5,61,5.325,1002
2015/8/28,32,63.5,2.3125,1002.25
2015/8/29,32.25,58,5.8125,1001.375
2015/8/30,32.625,56.5,9.275,1001.375
2015/8/31,31.85714286,54.42857143,13.48571429,1001.833333
2015/9/1,32.125,47.625,15.275,1000.857143
2015/9/2,31.875,45.625,12.7375,1001.75
2015/9/3,31.625,49.125,10.1875,1005.5
2015/9/4,32,42.625,11.35,1007.875
2015/9/5,30.875,47.25,7.6375,1007.125
2015/9/6,31.25,41.8,7.6375,1006.25
2015/9/7,31.5,46.375,9.4875,1005.75
2015/9/8,31.625,47,11.8125,1005.5
2015/9/9,31,47.875,10.1875,1005.625
2015/9/10,31.25,46.5,8.575,1006.75
2015/9/11,30.75,49.75,6.0125,1006.25
2015/9/12,32.14285714,54.42857143,3.171428571,1006
2015/9/13,32.125,55.25,1.3875,1005.875
2015/9/14,31.875,54.375,2.55,1003.625
2015/9/15,33,55,0.4625,1003.25
2015/9/16,32.375,55,1.4,1003.625
2015/9/17,31.375,58.375,1.1625,1004.375
2015/9/18,31,67.625,7.4125,1005.125
2015/9/19,30.625,74.25,2.0875,1003.625
2015/9/20,29.14285714,69.14285714,5.557142857,1002.857143
2015/9/21,30.125,64.5,5.8,1002.5
2015/9/22,30.25,64.375,10.1875,1002.5
2015/9/23,28.625,61.25,13.675,1006.375
2015/9/24,28.25,52.375,11.575,1004.625
2015/9/25,28.5,49.375,8.575,1003.75
2015/9/26,29.25,53.5,6.25,1005.25
2015/9/27,28.71428571,58.14285714,2.914285714,1007
2015/9/28,28.25,58.5,3.9375,1009
2015/9/29,29,54.57142857,9.528571429,1010.571429
2015/9/30,29,46.875,8.3375,1011.375
2015/10/1,28.125,51.25,5.575,1012
2015/10/2,28.28571429,53.71428571,14.5875,1010.75
2015/10/3,30,52.33333333,18.78571429,1008.714286
2015/10/4,29,54.375,3.025,1008.125
2015/10/5,28.875,59.375,1.3875,1009.25
2015/10/6,28.375,61.125,4.6375,1009
2015/10/7,28.625,65.75,6.475,1009.125
2015/10/8,28.375,65.125,4.4125,1007.5
2015/10/9,28.5,59.75,6.025,1004.25
2015/10/10,28.5,54.625,6.7125,1005
2015/10/11,28.57142857,51.57142857,6.885714286,1008.714286
2015/10/12,29.25,54.125,3.25,1010
2015/10/13,29.5,62.875,3.725,1011
2015/10/14,28.125,63.625,4.875,1013.25
2015/10/15,27.5,66,0.4625,1013.5
2015/10/16,27.875,62.625,0.925,1013.5
2015/10/17,28,63.75,3.7125,1012.25
2015/10/18,26.85714286,71.71428571,11.1125,1013.125
2015/10/19,28.14285714,66.28571429,3.457142857,1011.714286
2015/10/20,27.71428571,64.85714286,2.914285714,1009.857143
2015/10/21,26.5,62.125,2.0875,1011.875
2015/10/22,24.75,56,4.4,1012.25
2015/10/23,24,51.625,4.8625,1011.875
2015/10/24,24.875,53.25,1.4,1011.625
2015/10/25,26.375,47.125,5.575,1012.75
2015/10/26,25.625,52.125,5.575,1014.875
2015/10/27,24.75,54.25,3.475,1013.875
2015/10/28,20.875,57.25,7.875,1015.875
2015/10/29,22.125,63.5,1.85,1016.875
2015/10/30,22.375,67.25,1.625,1016.375
2015/10/31,22.375,69.375,1.1625,1016.125
2015/11/1,22.875,70.5,0.925,1016.25
2015/11/2,23.375,71.375,0.4625,1015.875
2015/11/3,24,67.875,0.475,1014.25
2015/11/4,23.75,69,0.925,1012.25
2015/11/5,22.125,75.25,5.1,1012.375
2015/11/6,22.875,74.375,2.325,1012.75
2015/11/7,21.875,74.875,1.1625,1014.625
2015/11/8,21.875,70.25,1.8625,1015.875
2015/11/9,21.75,73.625,0.7,1015
2015/11/10,22.75,72.625,0.7,1013.5
2015/11/11,21.875,59.5,4.6375,1014.375
2015/11/12,21.875,60.5,5.7875,1015.375
2015/11/13,22.375,59.375,5.325,1014.875
2015/11/14,22.375,59.625,3.475,1012
2015/11/15,22.5,62,0,1012
2015/11/16,21.875,50.375,2.7875,1012.625
2015/11/17,19.875,48.375,5.1,1013.5
2015/11/18,18.5,57.625,4.4,1016.375
2015/11/19,18.5,64.75,0.925,1017.5
2015/11/20,18.5,66,0.4625,1016.125
2015/11/21,18.75,67.625,1.3875,1015.5
2015/11/22,18.625,64.875,0.4625,1015.125
2015/11/23,17,73.5,0,1015.875
2015/11/24,18.5,63,1.625,1016
2015/11/25,19.375,56.375,5.7875,1014.75
2015/11/26,20,59.5,0.925,1012.75
2015/11/27,18.5,66.25,2.55,1011.25
2015/11/28,18.75,82.125,1.1625,1015.375
2015/11/29,18.125,81.25,1.1625,1018
2015/11/30,19.5,82.375,0.925,1016.75
2015/12/1,19.25,78.75,1.625,1014.75
2015/12/2,18.125,72.125,2.0875,1016.125
2015/12/3,17.625,70.25,7.1875,1016
2015/12/4,17.625,67.5,4.6375,1015
2015/12/5,17.5,72.375,0.925,1015.875
2015/12/6,17.125,75.875,1.4,1016.5
2015/12/7,17.625,76.875,2.3125,1017.25
2015/12/8,18.42857143,71.28571429,1.057142857,1015.714286
2015/12/9,18.375,78.125,3.475,1015.25
2015/12/10,19,77.25,2.0875,1011.75
2015/12/11,17.25,77.875,5.1,1011.375
2015/12/12,13.25,91,4.4,1014.25
2015/12/13,12.875,67,3.475,1016.5
2015/12/14,13.25,63.625,7.4,1017
2015/12/15,13.125,63.875,5.325,1016.5
2015/12/16,13,65.5,1.1625,1016.375
2015/12/17,12.25,73.625,0.925,1016.875
2015/12/18,12.875,71.25,4.4,1018.625
2015/12/19,12.375,71.875,3.4875,1019
2015/12/20,11.75,70.25,1.1625,1018.5
2015/12/21,12.625,74.75,1.3875,1018.875
2015/12/22,12,79.875,0.7,1020.875
2015/12/23,12.5,81.375,3.4875,1020.625
2015/12/24,11.25,68.625,6.025,1021.25
2015/12/25,11.5,66.125,5.5625,1022
2015/12/26,12.75,64.5,6.4875,1021.125
2015/12/27,15.375,63.25,7.8875,1020.625
2015/12/28,17.125,58.125,10.8875,1020.875
2015/12/29,16.375,65,7.4125,1018.125
2015/12/30,15.5,71.75,2.1,1017.5
2015/12/31,15,71.375,2.0875,1020.5
2016/1/1,14.71428571,72.28571429,1.057142857,1021.142857
2016/1/2,14,75.875,2.0875,1021
2016/1/3,14.375,74.75,5.1125,1018.5
2016/1/4,15.75,77.125,0,1017.625
2016/1/5,15.83333333,88.83333333,0.616666667,1017
2016/1/6,17.375,81.625,2.3125,1016.5
2016/1/7,17.125,87,0,1018.125
2016/1/8,15.5,83.25,7.8875,1017.25
2016/1/9,15.85714286,65.14285714,8.471428571,1015.428571
2016/1/10,15.625,74.375,2.775,1017.5
2016/1/11,15.75,74.875,1.625,1017.5
2016/1/12,18,69.6875,6.03125,1014.9375
2016/1/13,18.26666667,75.8,5.08,1014.333333
2016/1/14,15.5625,80.4375,4.3,1016.125
2016/1/15,13,84.1875,10.775,1017
2016/1/16,13.6,80.06666667,11.24,1014.6
2016/1/17,14,77.66666667,2.106666667,1016.2
2016/1/18,13.26666667,80.46666667,1.48,1014.733333
2016/1/19,12.35714286,88.57142857,4.65,1015.285714
2016/1/20,12.06666667,84.2,6.193333333,1018.666667
2016/1/21,12.1875,73.1875,7.8875,1020.1875
2016/1/22,11.73333333,83.4,3.586666667,1019.466667
2016/1/23,14.4375,75.875,3.25,1019.8125
2016/1/24,11.1875,86.25,6.625,1019.0625
2016/1/25,11.66666667,75.4,4.58,1017.2
2016/1/26,14.5625,79.6875,2.55,1015.375
2016/1/27,17.58333333,69.16666667,4.025,1014.166667
2016/1/28,16.85714286,69.35714286,5.028571429,1015.071429
2016/1/29,19.5625,70.625,2.54375,1017.375
2016/1/30,20.14285714,78.5,1.2,1014.5
2016/1/31,17.375,78.25,7.7625,1016
2016/2/1,15.84615385,65.76923077,7.269230769,1017.153846
2016/2/2,15.26666667,55.86666667,8.893333333,1018.2
2016/2/3,13.125,66.5,7.622222222,1018
2016/2/4,16.36363636,53,6.941666667,1017.333333
2016/2/5,12.66666667,70.66666667,2.166666667,1016.833333
2016/2/6,15.33333333,69.5,3.7,1013.333333
2016/2/7,15.625,77,2.7875,1015.75
2016/2/8,17.09090909,67.18181818,5.9,1017.090909
2016/2/9,17.76923077,67.46153846,5.846153846,1014.692308
2016/2/10,18.13333333,64.86666667,2.1,1012.733333
2016/2/11,19.6875,54.75,6.03125,1011.25
2016/2/12,19.2,57.86666667,0.746666667,1012.533333
2016/2/13,17.06666667,62.13333333,5.806666667,1014.866667
2016/2/14,17.64285714,61.92857143,8.071428571,1017.214286
2016/2/15,17.6,59.53333333,5.94,1018.733333
2016/2/16,18.21428571,56.14285714,5.435714286,1020.071429
2016/2/17,18.71428571,59.28571429,3.707142857,1019.142857
2016/2/18,19.46666667,76,5.186666667,1017.4
2016/2/19,23.15384615,70.23076923,4.146153846,1014.615385
2016/2/20,23.625,73.125,11.11875,1014.125
2016/2/21,21,61.125,17.1375,1014.75
2016/2/22,21,51.42857143,15.20714286,1014.428571
2016/2/23,21.42857143,50.64285714,9.785714286,1012.5
2016/2/24,21.6875,58.0625,2.44375,1012.9375
2016/2/25,22.5625,57.5,5.3375,1015.5
2016/2/26,22.8,55.6,2.48,1018.4
2016/2/27,22.8,59,3.333333333,1018.466667
2016/2/28,23,63.0625,3.7125,1018.9375
2016/2/29,23.875,63.9375,3.7125,1018.625
2016/3/1,24.91666667,57.41666667,1.7,1015
2016/3/2,24.93333333,57.06666667,1.733333333,1015.4
2016/3/3,26,55.61538462,4.292307692,1014.615385
2016/3/4,27.3125,44.25,6.14375,1012.6875
2016/3/5,23.93333333,57.13333333,11,1012.666667
2016/3/6,22.8125,66.5625,5.21875,1013.0625
2016/3/7,23.71428571,64.14285714,5.171428571,1012.357143
2016/3/8,23.42857143,60.21428571,6.742857143,1011.642857
2016/3/9,24,57.5625,9.375,1012.0625
2016/3/10,25.5625,57.4375,7.98125,1013.1875
2016/3/11,25.06666667,67.8,6.546666667,1012.533333
2016/3/12,24.5625,66.9375,9.4875,1009.5625
2016/3/13,24.25,65.1875,6.84375,1011.1875
2016/3/14,22.375,66,6.275,1014.3125
2016/3/15,24.06666667,58.93333333,8.646666667,1014.866667
2016/3/16,23.9375,53.75,10.88125,1012.8125
2016/3/17,26.3125,50.3125,6.84375,1010.4375
2016/3/18,26.1875,61.25,6.7125,1009.8125
2016/3/19,26.78571429,61.85714286,3.578571429,1009.214286
2016/3/20,27.13333333,58.73333333,2.846666667,1010.333333
2016/3/21,26.625,43.375,12.2625,1011.125
2016/3/22,25.0625,37.875,22.1,1009.375
2016/3/23,26.2,43.26666667,10.64166667,1010
2016/3/24,28.13333333,46.86666667,3.213333333,1013.333333
2016/3/25,29.875,50.1875,3.36875,1013.1875
2016/3/26,24.66666667,62.66666667,9.393333333,1013.6
2016/3/27,26.25,53.6875,9.15625,1012.8125
2016/3/28,25.93333333,52.8,6.546666667,7679.333333
2016/3/29,27.125,47.75,7.29375,1011.3125
2016/3/30,29.57142857,39.78571429,7.021428571,1011.142857
2016/3/31,30,39.73333333,4.333333333,1009.2
2016/4/1,30.57142857,38.21428571,12.03571429,1006.714286
2016/4/2,32.3125,38.5625,5.4625,1008
2016/4/3,33.3125,44.25,2.55,1008.375
2016/4/4,32.8125,33.125,8,1006.6875
2016/4/5,32.3125,29.3125,9.26875,1007
2016/4/6,31.375,33.125,3.475,1006.875
2016/4/7,29.93333333,37,10.85,1007.266667
2016/4/8,29.26666667,36,4.686666667,1009.2
2016/4/9,30.73333333,32.46666667,12.61875,1009.3125
2016/4/10,32.25,29,5.225,1008.8125
2016/4/11,29.8,35,16.04,1009.4
2016/4/12,30.2,36.2,19.38,1006.333333
2016/4/13,31.75,28.0625,18.64375,1003.3125
2016/4/14,33.125,23.875,10.425,1003.8125
2016/4/15,33.625,25.375,9.8375,1004.625
2016/4/16,35.6875,23.6875,11.1125,1003.0625
2016/4/17,34.66666667,23.86666667,9.386666667,1002.666667
2016/4/18,34.625,30.125,7.175,1004.6875
2016/4/19,34,33.6,4.566666667,1005.866667
2016/4/20,34.0625,25.9375,14.01875,1006.4375
2016/4/21,34,24.66666667,15.75,1003.4
2016/4/22,33.25,24.25,8.35,1001.727273
2016/4/23,31.91666667,21.81818182,19.65384615,1001.846154
2016/4/24,31.3125,22.125,10.1875,1003.0625
2016/4/25,31.75,22.8125,6.95,1005.5625
2016/4/26,33.4375,25.1875,3.83125,1007.1875
2016/4/27,33.125,29.0625,4.98125,1005.6875
2016/4/28,34.15384615,21.76923077,11.82307692,1004.692308
2016/4/29,34.07142857,23.28571429,9.123076923,1005.714286
2016/4/30,33.0625,25.5625,5.2125,1004.8125
2016/5/1,34.6875,23.375,8.575,1002.4375
2016/5/2,38,18.46666667,9.513333333,1002.2
2016/5/3,35.5,30.375,6.49375,1004.3125
2016/5/4,33.71428571,31.85714286,10.46428571,1003.785714
2016/5/5,30.6,42,11.24666667,1007.466667
2016/5/6,31.4375,37.4375,8.225,1007
2016/5/7,33.3125,37.1875,4.65,1005.5625
2016/5/8,35.13333333,36.33333333,7.293333333,1005.933333
2016/5/9,33.53333333,40.6,18.425,1006.0625
2016/5/10,34,39.75,10.55625,1006.5625
2016/5/11,32.5,49.9375,7.775,1006.0625
2016/5/12,35.375,40,5.1,1002.25
2016/5/13,37.29411765,28.11764706,8.070588235,1001.352941
2016/5/14,36.5625,31.875,4.16875,1003.125
2016/5/15,37.25,29.5,4.75,1003.5625
2016/5/16,37.21428571,23.5,9.02,1000.8
2016/5/17,37.5,25.8125,9.6125,998.9375
2016/5/18,37.75,27.625,8.45,997.8125
2016/5/19,37.375,40.5,9.3875,998.625
2016/5/20,37.4,44.2,8.413333333,996.9333333
2016/5/21,36.13333333,45.4,10.87333333,995.9333333
2016/5/22,36.8,44.8,6.553333333,996.4666667
2016/5/23,32.21428571,47.92857143,14.95,999.5714286
2016/5/24,31.52631579,53.52631579,8.494736842,1000.736842
2016/5/25,33.2173913,46.60869565,10.16086957,997.4782609
2016/5/26,35.26923077,44.57692308,15.17692308,999.1538462
2016/5/27,38.27272727,26.09090909,15.31818182,999.9545455
2016/5/28,36.0625,37.25,14.40555556,999.8333333
2016/5/29,31.5,57.0625,11.68125,1001.25
2016/5/30,26.8125,74.8125,9.4875,1003.8125
2016/5/31,32.64285714,51.21428571,7.407142857,1002.307692
2016/6/1,36,42.2,9.133333333,1002.733333
2016/6/2,37.5625,35.3125,11.93125,1002
2016/6/3,37.5625,40.6875,2.78125,1002.25
2016/6/4,38.2,42.06666667,3.206666667,1001.866667
2016/6/5,36.16666667,51.75,8.5,1002.833333
2016/6/6,35.42857143,45.71428571,11,1001.571429
2016/6/7,34.625,59.1875,21.30625,1002.0625
2016/6/8,36.07142857,44.64285714,8.485714286,999.2142857
2016/6/9,35.73333333,43.73333333,9.26,938.0666667
2016/6/10,36.13333333,41.86666667,10.08125,998.25
2016/6/11,33.4375,49.9375,8.8125,999
2016/6/12,35.5,37.125,9.1625,998.8125
2016/6/13,36,43.3125,12.85,998.1875
2016/6/14,32.625,55.125,11.86,997.8125
2016/6/15,34.73333333,48.86666667,10.51333333,996.1333333
2016/6/16,33.5,51.28571429,11.39285714,999
2016/6/17,34.1875,52.25,7.425,999.4285714
2016/6/18,35.85714286,50.57142857,10.85714286,1000.857143
2016/6/19,35.625,53.25,9.3875,1001.375
2016/6/20,30.9375,73.9375,7.64375,1000.6875
2016/6/21,32.875,62.1875,8.91875,999.9375
2016/6/22,33.125,60.8125,7.41875,1001.5625
2016/6/23,33.84615385,51.61538462,5.875,999.6923077
2016/6/24,36.4375,46.5625,7.7625,998.3125
2016/6/25,35.42857143,55.92857143,9.664285714,1000.071429
2016/6/26,34.86666667,57.46666667,7.66,1000.375
2016/6/27,34.3125,61.25,7.99375,998.8666667
2016/6/28,30.78571429,75.07142857,5.435714286,1001.5
2016/6/29,35.375,58.875,8.45,1001.1875
2016/6/30,35.46666667,60.2,6.793333333,997.8666667
2016/7/1,32.125,73.4,8.35,1002.5625
2016/7/2,28.4,80,5.23125,998.375
2016/7/3,29.5625,78.125,1.96875,998.25
2016/7/4,30.6875,76.3125,3.48125,997.125
2016/7/5,33.25,68.6875,5.3375,995.5625
2016/7/6,33.26666667,64.06666667,8.878571429,996.8666667
2016/7/7,33.5,63,5.91875,997.6875
2016/7/8,30.8,75.86666667,5.433333333,997.4
2016/7/9,33.25,66.0625,6.73125,996.75
2016/7/10,32.5625,65.6875,4.7,996.0625
2016/7/11,31.5,71.9375,8.046666667,997.75
2016/7/12,30.5,80.1875,5.5625,999.0625
2016/7/13,31.25,76.3125,6.806666667,998.4375
2016/7/14,30.4375,80.4375,5.21875,998.375
2016/7/15,31,78.0625,7.271428571,998.625
2016/7/16,27.125,93.875,4.371428571,999.875
2016/7/17,28.125,86.5625,6.6,1001.333333
2016/7/18,27.66666667,91.26666667,7.653333333,1000.8
2016/7/19,32.3125,69.125,13.65625,999.875
2016/7/20,34.1875,59.5625,12.9625,999.625
2016/7/21,34.13333333,56.86666667,11.48,999.2666667
2016/7/22,34.125,56.125,8.6875,999.3333333
2016/7/23,31.875,66,7.76875,1001.625
2016/7/24,31.4375,72.25,2.43125,946.3125
2016/7/25,31.9375,69.125,2.9125,1001.875
2016/7/26,30.3125,82,6.485714286,1003.125
2016/7/27,28.3125,88.25,4.29375,1004.625
2016/7/28,29.53333333,81.33333333,5.186666667,1002.066667
2016/7/29,27.375,92.4375,2.43125,1000.9375
2016/7/30,27.33333333,92.26666667,1.86,1001.2
2016/7/31,29.26666667,83.13333333,4.7,1000.666667
2016/8/1,29.125,84.25,5.9125,999.125
2016/8/2,30.6875,72.125,6.375,310.4375
2016/8/3,32.5625,63.5625,5.45,998.5
2016/8/4,33.11111111,63.88888889,7.927777778,998.7777778
2016/8/5,33.8,61.66666667,4.32,999.3333333
2016/8/6,30.06666667,76,6.926666667,1000.8
2016/8/7,33.11764706,65.17647059,7.852941176,1000.529412
2016/8/8,33.80952381,62.38095238,9.440909091,999.6363636
2016/8/9,31.61538462,71.65384615,9.55,998.5
2016/8/10,32,71.25925926,10.15925926,999.3703704
2016/8/11,28.10714286,89.46428571,7.821428571,1001.607143
2016/8/12,29.03571429,85,3.848148148,1002.285714
2016/8/13,30.32142857,77.07142857,3.22962963,1001.071429
2016/8/14,28.93333333,83.7,6.37,633.9
2016/8/15,31.67857143,67.64285714,12.725,999.2857143
2016/8/16,31.33333333,66.41666667,14.66666667,-3.041666667
2016/8/17,29.92857143,72.5,6.325,999.5185185
2016/8/18,29.88888889,79.81481481,1.722222222,999.9230769
2016/8/19,32.07142857,68.28571429,1.917857143,999.8928571
2016/8/20,33.18518519,66.48148148,10.36666667,1000.16
2016/8/21,31.59259259,68.07407407,10.02222222,1001.192308
2016/8/22,32.18518519,65.55555556,8.237037037,1002.888889
2016/8/23,31.48,70.08,6.084,1003.24
2016/8/24,30.17857143,79.28571429,8.419230769,1002.5
2016/8/25,31.52,72.44,6.276923077,1004.423077
2016/8/26,31.22222222,73.81481481,4.392592593,1005.222222
2016/8/27,31.78571429,70.28571429,7.15,1006.142857
2016/8/28,33.4,66.24,7.272,1006.2
2016/8/29,29.57142857,82.32142857,5.825,1003.607143
2016/8/30,30.04,76.8,8.903846154,1002.192308
2016/8/31,27.25925926,89.55555556,6.72962963,1003.037037
2016/9/1,27.96,87.24,4.148,1002.44
2016/9/2,30.73913043,71.73913043,13.20434783,1001.272727
2016/9/3,30.89473684,62.68421053,13.26315789,1001.157895
2016/9/4,31.69230769,59.30769231,11.12307692,1002.923077
2016/9/5,31.07692308,60.30769231,13.96153846,1003.230769
2016/9/6,30.375,55,13.4375,1003.75
2016/9/7,31.1,57.7,9.1,1003.454545
2016/9/8,31.91666667,58,10.80833333,1005.166667
2016/9/9,30.55555556,56.66666667,11.52222222,1004.333333
2016/9/10,31.23076923,58.23076923,11.96923077,1005.230769
2016/9/11,31,56.4,8.15,1003.8
2016/9/12,31.64285714,55.5,10.85,1005.071429
2016/9/13,32.53333333,57.06666667,8.526666667,1006.4
2016/9/14,30.85714286,70.35714286,4.235714286,1006.928571
2016/9/15,31.72727273,59.63636364,11.9,1004.75
2016/9/16,31.4,58,3.52,1004.4
2016/9/17,32.30769231,58,2.707692308,1003.153846
2016/9/18,32.25,58.83333333,17.90833333,1005
2016/9/19,32.375,59.45833333,2.0875,1004.708333
2016/9/20,33.44444444,54.07407407,2.569230769,1003.518519
2016/9/21,33.36,58.96,6.092,1005.4
2016/9/22,30.03703704,67.62962963,8.107407407,1008.777778
2016/9/23,31,66.10714286,3.571428571,1005.321429
2016/9/24,31.24,66.48,5.496153846,1352.615385
2016/9/25,31.13043478,62.30434783,3.147826087,1004.782609
2016/9/26,31.48,60.88,2.986956522,1006.76
2016/9/27,32.18518519,57.81481481,1.780769231,1006.703704
2016/9/28,32.44,55.28,2.52,1005.28
2016/9/29,32.22727273,61.31818182,3.963636364,1005.590909
2016/9/30,32.21428571,59.35714286,2.582142857,1005.571429
2016/10/1,32.54166667,61.91666667,3.170833333,1007.5
2016/10/2,32.81481481,61.81481481,4.122222222,1009.111111
2016/10/3,33.26923077,59.57692308,3.992592593,1007.185185
2016/10/4,30.55555556,69.81481481,5.77037037,1005.37037
2016/10/5,28.83333333,71.875,3.325,1005.25
2016/10/6,30.7037037,64.81481481,3.233333333,1007.148148
2016/10/7,30.96,59.96,15.825,1007.2
2016/10/8,30.6,57.96,8.761538462,1006.846154
2016/10/9,30.92,59.2,3.184,1005.96
2016/10/10,29.77777778,51.11111111,4.807407407,1006.148148
2016/10/11,29.66666667,51.14814815,8.922222222,1006.592593
2016/10/12,29.57142857,47.28571429,11.37142857,1006.25
2016/10/13,29.96296296,44,13.02222222,1008.333333
2016/10/14,29.75,47.875,8.934782609,1009.125
2016/10/15,27.74074074,54.14814815,6.662962963,1010.518519
2016/10/16,28.42857143,49.85714286,7.014285714,1011.857143
2016/10/17,28.6,49.24,7.116,1010.56
2016/10/18,28.5,48.45833333,7.668181818,1009.458333
2016/10/19,28.92592593,49.18518519,6.459259259,1008.555556
2016/10/20,29.07692308,47.73076923,9.124,1007.538462
2016/10/21,28.40909091,50.40909091,10.69545455,1008.727273
2016/10/22,29.33333333,49.48148148,13.32307692,1009.37037
2016/10/23,27.5,54.96153846,11.54615385,1009.307692
2016/10/24,28.5,51.42307692,11.18846154,1008.269231
2016/10/25,28.04,54.56,12.38846154,1008.923077
2016/10/26,27.57692308,56.19230769,5.7,1011.730769
2016/10/27,26.55555556,59.37037037,6.044444444,1014.62963
2016/10/28,25.51851852,58.77777778,7.277777778,1012.407407
2016/10/29,25.81481481,62.77777778,1.714814815,1013
2016/10/30,24.82608696,71.04347826,2.013043478,1014.608696
2016/10/31,24.53846154,66.80769231,1.642307692,1017.807692
2016/11/1,24.38461538,58.73076923,2.715384615,1016.384615
2016/11/2,23.72727273,65.90909091,1.431818182,1016.590909
2016/11/3,25.64,59.76,2.232,1016.24
2016/11/4,24.81481481,58.2962963,4.122222222,1012.62963
2016/11/5,23.11538462,66.57692308,5.784615385,1010.346154
2016/11/6,22.92592593,63.85185185,2.411111111,1011.518519
2016/11/7,24.54545455,51.31818182,8.172727273,1012.772727
2016/11/8,23.73076923,52.26923077,12.75,1013.64
2016/11/9,23,49.7037037,7.074074074,1014.666667
2016/11/10,23.51851852,50.14814815,3.225925926,1013.814815
2016/11/11,23.92,54.04,2.968,1014.08
2016/11/12,23.53846154,58.03846154,2.784615385,1015.153846
2016/11/13,24.2962963,55.81481481,4.4,1016.518519
2016/11/14,23.34615385,60.73076923,1.496153846,1015.730769
2016/11/15,22.24,55.72,4.088,1016.24
2016/11/16,21.76923077,53.23076923,7.138461538,1017.538462
2016/11/17,21.73076923,51.73076923,11.55,1350.296296
2016/11/18,21.73076923,53.61538462,7.78,1014.692308
2016/11/19,20.66666667,60.66666667,2.84,1012.466667
2016/11/20,22.25,59.9,2.505,1013.35
2016/11/21,21.53846154,60.46153846,2.715384615,1013
2016/11/22,22.57894737,50.15789474,8,1012.894737
2016/11/23,22.82608696,51.43478261,6.604347826,1013.173913
2016/11/24,21.42105263,51.47368421,8.289473684,1014.947368
2016/11/25,23.6,30.55,15.085,1012.95
2016/11/26,24.29411765,32.64705882,14.49411765,1013.25
2016/11/27,23.63636364,33.63636364,12.45909091,1013.590909
2016/11/28,22.45454545,37.31818182,9.185714286,12.04545455
2016/11/29,21.61111111,53.72222222,1.238888889,1015
2016/11/30,19.86956522,80.08695652,4.269565217,1016.608696
2016/12/1,19.75,84,2.704166667,1016.875
2016/12/2,19.20833333,75.875,4.945833333,1017.75
2016/12/3,21.20833333,52.16666667,5.866666667,1019.333333
2016/12/4,18.9,55.25,5.666666667,1019.7
2016/12/5,18.63636364,56.59090909,4.952380952,1017.045455
2016/12/6,18.53846154,69.92307692,2.503846154,1017.961538
2016/12/7,18.25,74.35,0.925,1017.421053
2016/12/8,16.9,73.3,1.765,1016.2
2016/12/9,19.41666667,68.125,1.3125,1013.416667
2016/12/10,16.44444444,82.83333333,5.355555556,1014
2016/12/11,20.04166667,69.58333333,4.716666667,1013.291667
2016/12/12,19.90909091,63.86363636,3.281818182,1014.181818
2016/12/13,19.05,62.35,3.43,1015.1
2016/12/14,18.55555556,58.61111111,8.027777778,1017.333333
2016/12/15,18.16666667,56.625,9.879166667,1016.666667
2016/12/16,15.83333333,63.27777778,3.916666667,1018.777778
2016/12/17,17.5,63.38888889,6.731578947,1016.947368
2016/12/18,16.08333333,64.54166667,6.420833333,1018.083333
2016/12/19,17.85714286,56.0952381,10.41428571,1017.428571
2016/12/20,19.8,48.53333333,15.92666667,1015.2
2016/12/21,18.05,54.3,19.4047619,1015.619048
2016/12/22,17.28571429,57.85714286,6.180952381,1016.142857
2016/12/23,15.55,74.7,1.205,1014.25
2016/12/24,17.31818182,78.63636364,5.236363636,1011.318182
2016/12/25,14,94.3,9.085,1014.35
2016/12/26,17.14285714,74.85714286,8.784210526,1016.952381
2016/12/27,16.85,67.55,8.335,1017.2
2016/12/28,17.2173913,68.04347826,3.547826087,1015.565217
2016/12/29,15.23809524,87.85714286,6,1016.904762
2016/12/30,14.0952381,89.66666667,6.266666667,1017.904762
2016/12/31,15.05263158,87,7.325,1016.1
2017/1/1,15.91304348,85.86956522,2.743478261,59
2017/1/2,18.5,77.22222222,2.894444444,1018.277778
2017/1/3,17.11111111,81.88888889,4.016666667,1018.333333
2017/1/4,18.7,70.05,4.545,1015.7
2017/1/5,18.38888889,74.94444444,3.3,1014.333333
2017/1/6,19.31818182,79.31818182,8.681818182,1011.772727
2017/1/7,14.70833333,95.83333333,10.04166667,1011.375
2017/1/8,15.68421053,83.52631579,1.95,1015.55
2017/1/9,14.57142857,80.80952381,6.542857143,1015.952381
2017/1/10,12.11111111,71.94444444,9.361111111,1016.888889
2017/1/11,11,72.11111111,9.772222222,1016.777778
2017/1/12,11.78947368,74.57894737,6.626315789,1016.368421
2017/1/13,13.23529412,67.05882353,6.435294118,1017.529412
2017/1/14,13.2,74.28,5.276,1018.84
2017/1/15,16.43478261,72.56521739,3.630434783,1018.130435
2017/1/16,14.65,78.45,10.38,1017.15
2017/1/17,11.72222222,84.44444444,8.038888889,1018.388889
2017/1/18,13.04166667,78.33333333,6.029166667,1021.958333
2017/1/19,14.61904762,75.14285714,10.33809524,1022.809524
2017/1/20,15.26315789,66.47368421,11.22631579,1021.789474
2017/1/21,15.39130435,70.86956522,13.69565217,1020.478261
2017/1/22,18.44,76.24,5.868,1021.04
2017/1/23,18.11764706,76,6.752941176,1019.823529
2017/1/24,18.34782609,68.13043478,3.391304348,1018.869565
2017/1/25,21,69.96,8.756,1018.4
2017/1/26,16.17857143,91.64285714,8.467857143,1017.785714
2017/1/27,16.5,77.04166667,14.35833333,1018.125
2017/1/28,14.86363636,82.77272727,9.690909091,1019.636364
2017/1/29,15.66666667,81.77777778,10.29444444,1017.388889
2017/1/30,16.44444444,77.55555556,4.322222222,1015.833333
2017/1/31,16.125,76,4.625,1015.5
2017/2/1,15.25,78.625,5.1,1017.5
2017/2/2,17.09090909,66.54545455,3.027272727,1018.909091
2017/2/3,15.63636364,78.18181818,1.854545455,1017.727273
2017/2/4,18.7,77.6,9.82,1014.4
2017/2/5,18.63157895,77.63157895,8.1,1014.210526
2017/2/6,16.88888889,69.66666667,9.044444444,1016
2017/2/7,15.125,63.75,7.6375,1016.125
2017/2/8,15.7,68.4,4.08,1015.6
2017/2/9,15.375,68.375,7.875,1016.375
2017/2/10,14.66666667,71.77777778,9.066666667,1015.666667
2017/2/11,15.625,64,3.95,1016.625
2017/2/12,16.25,70.375,1.625,1019.625
2017/2/13,16.33333333,67,6.377777778,1021.555556
2017/2/14,16.875,65.5,6.9625,1021.375
2017/2/15,17.57142857,67.71428571,5.557142857,1020.571429
2017/2/16,20.25,56.75,10.4375,1017.625
2017/2/17,21.3,64.4,9.28,1016.5
2017/2/18,21.125,70.75,6.25,1016.25
2017/2/19,22.36363636,66.09090909,6.054545455,1013
2017/2/20,23.375,60.125,6.9375,1005.375
2017/2/21,21.83333333,69.41666667,12.34166667,1007.416667
2017/2/22,19.125,57.125,7.4125,1012.25
2017/2/23,18.625,42.875,14.35,1015.25
2017/2/24,19.125,40.375,16.6625,1016.125
2017/2/25,19,50.42857143,11.92857143,1014.285714
2017/2/26,18.75,59,11.1125,1012.375
2017/2/27,19.875,58.375,5.1,1014.25
2017/2/28,23.33333333,51.66666667,3.911111111,1013.111111
2017/3/1,24.46153846,47.92307692,6.415384615,1012.923077
2017/3/2,23.75,54.25,5.93,1012.15
2017/3/3,20.5,42.5,7.4125,1010.625
2017/3/4,19.125,43.125,8.35,1010
2017/3/5,19.75,41.25,9.9625,1010.5
2017/3/6,20,42.44444444,9.666666667,1010.333333
2017/3/7,22.625,41.5,6.025,1007.375
2017/3/8,21.54545455,52.72727273,10.26363636,1008.909091
2017/3/9,20.78571429,69.07142857,8.342857143,1007.357143
2017/3/10,19.9375,67.75,11.4625,1006.875
2017/3/11,18.53333333,60.4,5.566666667,1009.8
2017/3/12,17.375,56.625,7.6375,1014.75
2017/3/13,17.44444444,49.33333333,9.055555556,1014.888889
2017/3/14,18,56.33333333,4.522222222,1016.555556
2017/3/15,19.875,54.75,7.175,1014.125
2017/3/16,24,49.2,5.56,1011.1
2017/3/17,20.9,59.7,11.49,1010.7
2017/3/18,24.69230769,46.30769231,7.123076923,1009.846154
2017/3/19,24.66666667,52.27777778,9.161111111,1011.888889
2017/3/20,23.33333333,54.66666667,10.07777778,1012.555556
2017/3/21,25,49,9.2625,1011.75
2017/3/22,27.25,45,10.1875,1009.75
2017/3/23,28,49.75,3.4875,1008.875
2017/3/24,28.91666667,37.66666667,10.03333333,1010.583333
2017/3/25,26.5,39.375,10.425,1009.875
2017/3/26,29.1,37.1,17.59,1010.2
2017/3/27,29.5,38.625,13.65,1009.5
2017/3/28,29.88888889,40.66666667,8.844444444,1009
2017/3/29,31,34.5,13.2,1007.125
2017/3/30,29.28571429,36.85714286,10.58571429,1007.142857
2017/3/31,30.625,37.625,6.95,1007.5
2017/4/1,31.375,35.125,9.0375,1005
2017/4/2,29.75,33.75,9.2625,1004.25
2017/4/3,30.5,29.75,6.9375,1004.25
2017/4/4,30.93333333,31.86666667,14.32,1007.2
2017/4/5,29.23076923,46,14.38461538,1005
2017/4/6,31.22222222,26,13.57777778,1002.888889
2017/4/7,27,29.875,4.65,1007.375
2017/4/8,25.625,29.375,8.3375,1010.375
2017/4/9,27.125,21.125,14.125,1010.625
2017/4/10,27.85714286,19.42857143,19.31428571,1008.571429
2017/4/11,29.25,17.75,15.5125,1006.25
2017/4/12,29.25,26,9.4875,1005.875
2017/4/13,29.66666667,29.11111111,4.944444444,1006.777778
2017/4/14,30.5,37.625,1.3875,1004.625
2017/4/15,31.22222222,30.44444444,5.966666667,1002.444444
2017/4/16,31,34.25,2.1,1003.25
2017/4/17,32.55555556,38.44444444,5.366666667,1004.444444
2017/4/18,34,27.33333333,7.811111111,1003.111111
2017/4/19,33.5,24.125,9.025,1000.875
2017/4/20,34.5,27.5,5.5625,998.625
2017/4/21,34.25,39.375,6.9625,999.875
2017/4/22,32.9,40.9,8.89,1001.6
2017/4/23,32.875,27.5,9.9625,1002.125
2017/4/24,32,27.14285714,12.15714286,1004.142857
